bib_key,manuscript_contexts
ardestani2013esesc,context
baccelli1992synchronization,context
balasubramonian2017cacti7,context
bental1998robust,context
bental2009robust,context
bertsimas2004robust,context
binkert2011gem5,context
boyd2004convex,context;envelopes
cadar2008klee,context
carlson2011sniper,context
carlson2013sampled,context
carlson2014barrierpoint,context
carlson2014evaluation,context
castro2015cere,context
chen2010slacksim,context
eyerman2009mechanistic,context
fujimoto1990pdes,context
genbrugge2010interval,context
ghamarian2008parametric,context
grass2016taskpoint,context
grass2019tasksampled,context
guo2022cppr,context
hamerly2005simpoint,context
harris2020numpy,algorithms;context
hassani2016livesim,context
huangfu2018simplex,algorithms;context
jiang2013pcantor,context
karp1981parametric,context
kim2016ramulator,context
king1976symbolic,context
lau2006phasemarkers,context
lee2010applied,context
li2009mcpat,context
li2020dramsim3,context
liu2024pacsim,context
lowepower2020gem5,context
luk2005pin,context
mauer2002timingfirst,context
miller2010graphite,context
necula1997pcc,algorithms;context
patel2011marss,context
patil2010pinplay,context
qureshi2021gem5x,context
reineke2006anomalies,context;introduction
reinhardt1993wwt,context
ren2012hornet,context
rockafellar1970convex,context
rosenblum1995simos,context
sabu2026looppoint,context
sanchez2013zsim,context;introduction
sangaiah2018synchrotrace,context
schnarr1998memoization,context
schrijver1986linear,context
sherwood2002simpoint,context
skadron2004hotspot,context
soni2022asis,context
ubal2007multi2sim,context
vanpinxten2018critical,context
vanpinxten2019scheduler,context;introduction
virtanen2020scipy,algorithms;context
wang2018public,context
wenisch2006simflex,context
wilhelm2008wcet,context
wunderlich2003smarts,context
young1991parametric,context
