bib_key,title,year,entry_type,identifier,primary_record,record_type,verification_scope,metadata_status,manuscript_contexts,citation_status,audit_note,verified_on
sanchez2013zsim,ZSim: Fast and Accurate Microarchitectural Simulation of Thousand-Core Systems,2013,inproceedings,doi:10.1145/2485922.2485963,https://doi.org/10.1145/2485922.2485963,publisher DOI record,primary bibliographic record and manuscript-use check,verified,context;introduction,cited-and-relevant,metadata retained after identifier/title/venue/year consistency review,2026-09-17
reineke2006anomalies,A Definition and Classification of Timing Anomalies,2006,inproceedings,doi:10.4230/OASIcs.WCET.2006.671,https://doi.org/10.4230/OASIcs.WCET.2006.671,publisher DOI record,full text plus primary bibliographic record,verified,context;introduction,cited-and-relevant,metadata retained after identifier/title/venue/year consistency review,2026-09-17
vanpinxten2019scheduler,Parametric Scheduler Characterization,2019,article,doi:10.1145/3358226,https://doi.org/10.1145/3358226,publisher DOI record,full text plus primary bibliographic record,verified,context;introduction,cited-and-relevant,metadata retained after identifier/title/venue/year consistency review,2026-09-17
boyd2004convex,Convex Optimization,2004,book,doi:10.1017/CBO9780511804441,https://doi.org/10.1017/CBO9780511804441,publisher DOI record,primary bibliographic record and manuscript-use check,verified,context;envelopes,cited-and-relevant,metadata retained after identifier/title/venue/year consistency review,2026-09-17
virtanen2020scipy,SciPy 1.0: Fundamental Algorithms for Scientific Computing in Python,2020,article,doi:10.1038/s41592-019-0686-2,https://doi.org/10.1038/s41592-019-0686-2,publisher DOI record,primary bibliographic record and manuscript-use check,verified,algorithms;context,cited-and-relevant,metadata retained after identifier/title/venue/year consistency review,2026-09-17
harris2020numpy,Array Programming with NumPy,2020,article,doi:10.1038/s41586-020-2649-2,https://doi.org/10.1038/s41586-020-2649-2,publisher DOI record,primary bibliographic record and manuscript-use check,verified,algorithms;context,cited-and-relevant,metadata retained after identifier/title/venue/year consistency review,2026-09-17
huangfu2018simplex,Parallelizing the Dual Revised Simplex Method,2018,article,doi:10.1007/s12532-017-0130-5,https://doi.org/10.1007/s12532-017-0130-5,publisher DOI record,primary bibliographic record and manuscript-use check,verified,algorithms;context,cited-and-relevant,metadata retained after identifier/title/venue/year consistency review,2026-09-17
necula1997pcc,Proof-Carrying Code,1997,inproceedings,doi:10.1145/263699.263712,https://doi.org/10.1145/263699.263712,publisher DOI record,primary bibliographic record and manuscript-use check,verified,algorithms;context,cited-and-relevant,metadata retained after identifier/title/venue/year consistency review,2026-09-17
carlson2014evaluation,An Evaluation of High-Level Mechanistic Core Models,2014,article,doi:10.1145/2629677,https://doi.org/10.1145/2629677,publisher DOI record,full text plus primary bibliographic record,verified,context,cited-and-relevant,metadata retained after identifier/title/venue/year consistency review,2026-09-17
jiang2013pcantor,PCantorSim: Accelerating Parallel Architecture Simulation through Fractal-Based Sampling,2013,article,doi:10.1145/2541228.2555305,https://doi.org/10.1145/2541228.2555305,publisher DOI record,full text plus primary bibliographic record,verified,context,cited-and-relevant,canonical ACM catalog DOI differs from the legacy DOI printed in an early author-hosted PDF,2026-09-17
sabu2026looppoint,Accelerating the Simulation of Parallel Workloads Using Loop-Bounded Checkpoints,2026,article,doi:10.1145/3799430,https://doi.org/10.1145/3799430,publisher DOI record,full text plus primary bibliographic record,verified,context,cited-and-relevant,metadata retained after identifier/title/venue/year consistency review,2026-09-17
vanpinxten2018critical,Parametric Critical Path Analysis for Event Networks with Minimal and Maximal Time Lags,2018,article,doi:10.1109/TCAD.2018.2857360,https://doi.org/10.1109/TCAD.2018.2857360,publisher DOI record,full text plus primary bibliographic record,verified,context,cited-and-relevant,metadata retained after identifier/title/venue/year consistency review,2026-09-17
guo2022cppr,A Provably Good and Practically Efficient Algorithm for Common Path Pessimism Removal in Large Designs,2022,article,doi:10.1109/TCAD.2021.3124758,https://doi.org/10.1109/TCAD.2021.3124758,publisher DOI record,full text plus primary bibliographic record,verified,context,cited-and-relevant,metadata retained after identifier/title/venue/year consistency review,2026-09-17
bental1998robust,Robust Convex Optimization,1998,article,doi:10.1287/moor.23.4.769,https://doi.org/10.1287/moor.23.4.769,publisher DOI record,primary bibliographic record and manuscript-use check,verified,context,cited-and-relevant,metadata retained after identifier/title/venue/year consistency review,2026-09-17
liu2024pacsim,"Pac-Sim: Simulation of Multi-threaded Workloads Using Intelligent, Live Sampling",2024,article,doi:10.1145/3680548,https://doi.org/10.1145/3680548,publisher DOI record,full text plus primary bibliographic record,verified,context,cited-and-relevant,metadata retained after identifier/title/venue/year consistency review,2026-09-17
castro2015cere,CERE: LLVM-Based Codelet Extractor and Replayer for Piecewise Benchmarking and Optimization,2015,article,doi:10.1145/2744295.2724717,https://doi.org/10.1145/2744295.2724717,publisher DOI record,full text plus primary bibliographic record,verified,context,cited-and-relevant,metadata retained after identifier/title/venue/year consistency review,2026-09-17
sangaiah2018synchrotrace,SynchroTrace: Synchronization-Aware Architecture-Agnostic Traces for Light-Weight Multicore Simulation of CMP and HPC Workloads,2018,article,doi:10.1145/3158642,https://doi.org/10.1145/3158642,publisher DOI record,full text plus primary bibliographic record,verified,context,cited-and-relevant,corrected page count to 26,2026-09-17
qureshi2021gem5x,gem5-X: A Many-Core Heterogeneous Simulation Platform for Architectural Exploration and Optimization,2021,article,doi:10.1145/3461662,https://doi.org/10.1145/3461662,publisher DOI record,full text plus primary bibliographic record,verified,context,cited-and-relevant,corrected ACM article number to 44,2026-09-17
balasubramonian2017cacti7,CACTI 7: New Tools for Interconnect Exploration in Innovative Off-Chip Memories,2017,article,doi:10.1145/3085572,https://doi.org/10.1145/3085572,publisher DOI record,full text plus primary bibliographic record,verified,context,cited-and-relevant,metadata retained after identifier/title/venue/year consistency review,2026-09-17
wang2018public,Predicting New Workload or CPU Performance by Analyzing Public Datasets,2019,article,doi:10.1145/3284127,https://doi.org/10.1145/3284127,publisher DOI record,full text plus primary bibliographic record,verified,context,cited-and-relevant,"corrected ACM article number, page count, and issue year to 53, 21, and 2019",2026-09-17
skadron2004hotspot,Temperature-Aware Microarchitecture: Modeling and Implementation,2004,article,doi:10.1145/980152.980157,https://doi.org/10.1145/980152.980157,publisher DOI record,full text plus primary bibliographic record,verified,context,cited-and-relevant,metadata retained after identifier/title/venue/year consistency review,2026-09-17
soni2022asis,As-Is Approximate Computing,2022,article,doi:10.1145/3559761,https://doi.org/10.1145/3559761,publisher DOI record,full text plus primary bibliographic record,verified,context,cited-and-relevant,metadata retained after identifier/title/venue/year consistency review,2026-09-17
lee2010applied,Applied Inference: Case Studies in Microarchitectural Design,2010,article,doi:10.1145/1839667.1839670,https://doi.org/10.1145/1839667.1839670,publisher DOI record,full text plus primary bibliographic record,verified,context,cited-and-relevant,metadata retained after identifier/title/venue/year consistency review,2026-09-17
sherwood2002simpoint,Automatically Characterizing Large Scale Program Behavior,2002,inproceedings,doi:10.1145/605397.605403,https://doi.org/10.1145/605397.605403,publisher DOI record,full text plus primary bibliographic record,verified,context,cited-and-relevant,metadata retained after identifier/title/venue/year consistency review,2026-09-17
wunderlich2003smarts,SMARTS: Accelerating Microarchitecture Simulation via Rigorous Statistical Sampling,2003,inproceedings,doi:10.1145/859618.859629,https://doi.org/10.1145/859618.859629,publisher DOI record,full text plus primary bibliographic record,verified,context,cited-and-relevant,metadata retained after identifier/title/venue/year consistency review,2026-09-17
carlson2011sniper,Sniper: Exploring the Level of Abstraction for Scalable and Accurate Parallel Multi-Core Simulation,2011,inproceedings,doi:10.1145/2063384.2063454,https://doi.org/10.1145/2063384.2063454,publisher DOI record,full text plus primary bibliographic record,verified,context,cited-and-relevant,metadata retained after identifier/title/venue/year consistency review,2026-09-17
binkert2011gem5,The gem5 Simulator,2011,article,doi:10.1145/2024716.2024718,https://doi.org/10.1145/2024716.2024718,publisher DOI record,full text plus primary bibliographic record,verified,context,cited-and-relevant,metadata retained after identifier/title/venue/year consistency review,2026-09-17
miller2010graphite,Graphite: A Distributed Parallel Simulator for Multicores,2010,inproceedings,doi:10.1109/HPCA.2010.5416635,https://doi.org/10.1109/HPCA.2010.5416635,publisher DOI record,full text plus primary bibliographic record,verified,context,cited-and-relevant,metadata retained after identifier/title/venue/year consistency review,2026-09-17
wenisch2006simflex,SimFlex: Statistical Sampling of Computer System Simulation,2006,article,doi:10.1109/MM.2006.79,https://doi.org/10.1109/MM.2006.79,publisher DOI record,primary bibliographic record and manuscript-use check,verified,context,cited-and-relevant,added publisher DOI,2026-09-17
patel2011marss,MARSS: A Full System Simulator for Multicore x86 CPUs,2011,inproceedings,doi:10.1145/2024724.2024954,https://doi.org/10.1145/2024724.2024954,publisher DOI record,primary bibliographic record and manuscript-use check,verified,context,cited-and-relevant,added publisher DOI,2026-09-17
ubal2007multi2sim,Multi2Sim: A Simulation Framework to Evaluate Multicore-Multithreaded Processors,2007,inproceedings,doi:10.1109/SBAC-PAD.2007.17,https://doi.org/10.1109/SBAC-PAD.2007.17,IEEE Xplore and DOI record,external publisher identity and manuscript-use check,externally-checked,context,cited-and-relevant,"IEEE Xplore document 4384043 identifies SBAC-PAD 2007, pages 62-68; the erroneous ISPASS venue label was removed.",2026-09-26
lowepower2020gem5,The gem5 Simulator: Version 20.0+,2020,article,arxiv:2007.03152,https://www.gem5.org/publications/,official gem5 publications page plus arXiv record,"external official-project identity, arXiv bibliographic record, and manuscript-use check",externally-checked,context,cited-and-relevant,Official gem5 publications page identifies CoRR 2020 and arXiv:2007.03152; full arXiv author list restored; the unrelated ISPASS DOI was removed.,2026-09-26
kim2016ramulator,Ramulator: A Fast and Extensible DRAM Simulator,2016,article,doi:10.1109/LCA.2015.2414456,https://doi.org/10.1109/LCA.2015.2414456,publisher DOI record,primary bibliographic record and manuscript-use check,verified,context,cited-and-relevant,metadata retained after identifier/title/venue/year consistency review,2026-09-17
li2020dramsim3,"DRAMsim3: A Cycle-Accurate, Thermal-Capable DRAM Simulator",2020,article,doi:10.1109/LCA.2020.2973991,https://doi.org/10.1109/LCA.2020.2973991,publisher DOI record,primary bibliographic record and manuscript-use check,verified,context,cited-and-relevant,corrected second author spelling and added DOI,2026-09-17
li2009mcpat,"McPAT: An Integrated Power, Area, and Timing Modeling Framework for Multicore and Manycore Architectures",2009,inproceedings,doi:10.1145/1669112.1669172,https://doi.org/10.1145/1669112.1669172,publisher DOI record,primary bibliographic record and manuscript-use check,verified,context,cited-and-relevant,metadata retained after identifier/title/venue/year consistency review,2026-09-17
genbrugge2010interval,Interval Simulation: Raising the Level of Abstraction in Architectural Simulation,2010,inproceedings,doi:10.1109/HPCA.2010.5416636,https://doi.org/10.1109/HPCA.2010.5416636,publisher DOI record,primary bibliographic record and manuscript-use check,verified,context,cited-and-relevant,corrected author list and proceedings pages; added DOI,2026-09-17
eyerman2009mechanistic,A Mechanistic Performance Model for Superscalar Out-of-Order Processors,2009,article,doi:10.1145/1534909.1534910,https://doi.org/10.1145/1534909.1534910,publisher DOI record,primary bibliographic record and manuscript-use check,verified,context,cited-and-relevant,metadata retained after identifier/title/venue/year consistency review,2026-09-17
luk2005pin,Pin: Building Customized Program Analysis Tools with Dynamic Instrumentation,2005,inproceedings,doi:10.1145/1065010.1065034,https://doi.org/10.1145/1065010.1065034,publisher DOI record,primary bibliographic record and manuscript-use check,verified,context,cited-and-relevant,metadata retained after identifier/title/venue/year consistency review,2026-09-17
patil2010pinplay,PinPlay: A Framework for Deterministic Replay and Reproducible Analysis of Parallel Programs,2010,inproceedings,doi:10.1145/1772954.1772958,https://doi.org/10.1145/1772954.1772958,publisher DOI record,primary bibliographic record and manuscript-use check,verified,context,cited-and-relevant,added publisher DOI,2026-09-17
hamerly2005simpoint,SimPoint 3.0: Faster and More Flexible Program Phase Analysis,2005,article,official-article-page,https://cseweb.ucsd.edu/~calder/abstracts/JILP-05-SimPoint3.html,journal record and author-hosted article page,primary bibliographic record and manuscript-use check,verified,context,cited-and-relevant,metadata retained after identifier/title/venue/year consistency review,2026-09-17
lau2006phasemarkers,Selecting Software Phase Markers with Code Structure Analysis,2006,inproceedings,doi:10.1109/CGO.2006.32,https://doi.org/10.1109/CGO.2006.32,publisher DOI record,primary bibliographic record and manuscript-use check,verified,context,cited-and-relevant,added publisher DOI,2026-09-17
ardestani2013esesc,ESESC: A Fast Multicore Simulator Using Time-Based Sampling,2013,inproceedings,doi:10.1109/HPCA.2013.6522340,https://doi.org/10.1109/HPCA.2013.6522340,publisher DOI record,primary bibliographic record and manuscript-use check,verified,context,cited-and-relevant,added publisher DOI,2026-09-17
carlson2013sampled,Sampled Simulation of Multi-Threaded Applications,2013,inproceedings,doi:10.1109/ISPASS.2013.6557141,https://doi.org/10.1109/ISPASS.2013.6557141,publisher DOI record,primary bibliographic record and manuscript-use check,verified,context,cited-and-relevant,added publisher DOI,2026-09-17
carlson2014barrierpoint,BarrierPoint: Sampled Simulation of Multi-Threaded Applications,2014,inproceedings,doi:10.1109/ISPASS.2014.6844456,https://doi.org/10.1109/ISPASS.2014.6844456,publisher DOI record,primary bibliographic record and manuscript-use check,verified,context,cited-and-relevant,added publisher DOI,2026-09-17
grass2016taskpoint,TaskPoint: Sampled Simulation of Task-Based Programs,2016,inproceedings,doi:10.1109/ISPASS.2016.7482104,https://doi.org/10.1109/ISPASS.2016.7482104,publisher DOI record,primary bibliographic record and manuscript-use check,verified,context,cited-and-relevant,metadata retained after identifier/title/venue/year consistency review,2026-09-17
grass2019tasksampled,Sampled Simulation of Task-Based Programs,2019,article,doi:10.1109/TC.2018.2860012,https://doi.org/10.1109/TC.2018.2860012,publisher DOI record,primary bibliographic record and manuscript-use check,verified,context,cited-and-relevant,metadata retained after identifier/title/venue/year consistency review,2026-09-17
hassani2016livesim,LiveSim: Going Live with Microarchitecture Simulation,2016,inproceedings,doi:10.1109/HPCA.2016.7446098,https://doi.org/10.1109/HPCA.2016.7446098,publisher DOI record,primary bibliographic record and manuscript-use check,verified,context,cited-and-relevant,added publisher DOI,2026-09-17
schnarr1998memoization,Fast Out-of-Order Processor Simulation Using Memoization,1998,inproceedings,doi:10.1145/291069.291063,https://doi.org/10.1145/291069.291063,publisher DOI record,primary bibliographic record and manuscript-use check,verified,context,cited-and-relevant,added publisher DOI,2026-09-17
fujimoto1990pdes,Parallel Discrete Event Simulation,1990,article,doi:10.1145/84537.84545,https://doi.org/10.1145/84537.84545,publisher DOI record,primary bibliographic record and manuscript-use check,verified,context,cited-and-relevant,metadata retained after identifier/title/venue/year consistency review,2026-09-17
mauer2002timingfirst,Full-System Timing-First Simulation,2002,inproceedings,doi:10.1145/511334.511349,https://doi.org/10.1145/511334.511349,publisher DOI record,primary bibliographic record and manuscript-use check,verified,context,cited-and-relevant,added publisher DOI,2026-09-17
ren2012hornet,HORNET: A Cycle-Level Multicore Simulator,2012,article,doi:10.1109/TCAD.2012.2184760,https://doi.org/10.1109/TCAD.2012.2184760,publisher DOI record,primary bibliographic record and manuscript-use check,verified,context,cited-and-relevant,corrected author list and added DOI,2026-09-17
chen2010slacksim,Adaptive and Speculative Slack Simulations of CMPs on CMPs,2010,inproceedings,doi:10.1109/MICRO.2010.47,https://doi.org/10.1109/MICRO.2010.47,publisher DOI record,primary bibliographic record and manuscript-use check,verified,context,cited-and-relevant,corrected publisher author spelling and page range; added DOI,2026-09-17
reinhardt1993wwt,The Wisconsin Wind Tunnel: Virtual Prototyping of Parallel Computers,1993,inproceedings,doi:10.1145/166955.166979,https://doi.org/10.1145/166955.166979,publisher DOI record,primary bibliographic record and manuscript-use check,verified,context,cited-and-relevant,added publisher DOI,2026-09-17
rosenblum1995simos,Complete Computer System Simulation: The SimOS Approach,1995,article,doi:10.1109/88.473612,https://doi.org/10.1109/88.473612,publisher DOI record,primary bibliographic record and manuscript-use check,verified,context,cited-and-relevant,added publisher DOI,2026-09-17
ghamarian2008parametric,Parametric Throughput Analysis of Synchronous Data Flow Graphs,2008,inproceedings,doi:10.1109/DATE.2008.4484672,https://doi.org/10.1109/DATE.2008.4484672,publisher DOI record,full text plus primary bibliographic record,verified,context,cited-and-relevant,metadata retained after identifier/title/venue/year consistency review,2026-09-17
wilhelm2008wcet,The Worst-Case Execution-Time Problem---Overview of Methods and Survey of Tools,2008,article,doi:10.1145/1347375.1347389,https://doi.org/10.1145/1347375.1347389,publisher DOI record,primary bibliographic record and manuscript-use check,verified,context,cited-and-relevant,metadata retained after identifier/title/venue/year consistency review,2026-09-17
baccelli1992synchronization,Synchronization and Linearity: An Algebra for Discrete Event Systems,1992,book,isbn:9780471936091,https://catalogue.bnf.fr/ark:/12148/cb35626382h,"book identity cross-checked by title, authors, publisher, and year; ISBN recorded",primary bibliographic record and manuscript-use check,verified,context,cited-and-relevant,metadata retained after identifier/title/venue/year consistency review,2026-09-17
schrijver1986linear,Theory of Linear and Integer Programming,1986,book,isbn:9780471908548,https://www.wiley.com/en-us/Theory+of+Linear+and+Integer+Programming-p-9780471982326,first-edition identity cross-checked; publisher page is for the later Wiley reprint,primary bibliographic record and manuscript-use check,verified,context,cited-and-relevant,metadata retained after identifier/title/venue/year consistency review,2026-09-17
bertsimas2004robust,The Price of Robustness,2004,article,doi:10.1287/opre.1030.0065,https://doi.org/10.1287/opre.1030.0065,publisher DOI record,primary bibliographic record and manuscript-use check,verified,context,cited-and-relevant,metadata retained after identifier/title/venue/year consistency review,2026-09-17
rockafellar1970convex,Convex Analysis,1970,book,isbn:9780691015866,https://press.princeton.edu/books/paperback/9780691015866/convex-analysis,original 1970 work; URL/ISBN identify the Princeton reprint,primary bibliographic record and manuscript-use check,verified,context,cited-and-relevant,metadata retained after identifier/title/venue/year consistency review,2026-09-17
king1976symbolic,Symbolic Execution and Program Testing,1976,article,doi:10.1145/360248.360252,https://doi.org/10.1145/360248.360252,publisher DOI record,primary bibliographic record and manuscript-use check,verified,context,cited-and-relevant,metadata retained after identifier/title/venue/year consistency review,2026-09-17
cadar2008klee,KLEE: Unassisted and Automatic Generation of High-Coverage Tests for Complex Systems Programs,2008,inproceedings,official-proceedings-record,https://www.usenix.org/legacy/event/osdi08/tech/full_papers/cadar/cadar.pdf,official USENIX proceedings copy,primary bibliographic record and manuscript-use check,verified,context,cited-and-relevant,metadata retained after identifier/title/venue/year consistency review,2026-09-17
karp1981parametric,Parametric Shortest Path Algorithms with an Application to Cyclic Staffing,1981,article,doi:10.1016/0166-218X(81)90026-3,https://doi.org/10.1016/0166-218X(81)90026-3,publisher DOI record,primary bibliographic record and manuscript-use check,verified,context,cited-and-relevant,metadata retained after identifier/title/venue/year consistency review,2026-09-17
young1991parametric,Faster Parametric Shortest Path and Minimum-Balance Algorithms,1991,article,doi:10.1002/net.3230210206,https://doi.org/10.1002/net.3230210206,publisher DOI record,primary bibliographic record and manuscript-use check,verified,context,cited-and-relevant,metadata retained after identifier/title/venue/year consistency review,2026-09-17
bental2009robust,Robust Optimization,2009,book,isbn:9780691143682,https://press.princeton.edu/books/hardcover/9780691143682/robust-optimization,publisher catalog record,primary bibliographic record and manuscript-use check,verified,context,cited-and-relevant,metadata retained after identifier/title/venue/year consistency review,2026-09-17
