claim_id,claim,proof,checker,source_or_test,experiment,paper_location,raw_result,maturity,fresh_recheck,independent_review
C1,Candidate times equal complete max-affine path envelopes,proofs/arguments.md: Section 1,simcert/model.py; simcert/algebra.py,all model reconstruction tests,all main/structural cases,Model and envelope equations,inputs/;results/models/;results/structure/,proved; finite-checked,results/verification.json and results/clean-reproduction.json,not performed
C2,Rational convex mixtures give sound box comparison bounds; ideal comparison is exact,proofs/arguments.md: Section 2,simcert/algebra.py; simcert/checker.py,2089 exact arrangement comparisons,oracles 0000--2088,Table oracles; comparison theorem,results/oracles/,proved; finite-checked,results/verification.json and results/clean-reproduction.json,not performed
C3,Ideal mixture <= single-path <= independent interval,proofs/arguments.md: Section 2,simcert/algebra.py,"running, monotone and oracle controls",shared-prefix models,Coverage figure and running example,results/pilot.json;results/models/,proved; finite-checked,results/verification.json and results/clean-reproduction.json,not performed
C4,Adjacent tie-aware guards iff actual FCFS candidate order,proofs/arguments.md: Section 3,simcert/model.py;simcert/checker.py,strict ties; dynamic point replays; mutations,48 models;6 joins,Order theorem,results/models/;results/structure/,proved; finite-checked,results/verification.json and results/clean-reproduction.json,not performed
C5,Passed guards plus two-sided sink witness bound actual makespan,proofs/arguments.md: Section 4,simcert/checker.py,558 accepted main points;126 join corners,main and structure,Global error theorem,results/models/;results/structure/,proved; finite-checked,results/verification.json and results/clean-reproduction.json,not performed
C6,Frozen-witness catalog enumeration is restricted-optimal,proofs/arguments.md: Section 5,campaign.py allocate,112 exact decisions and selected optima,case-007;019;031;043,Allocation table,results/allocation/,proved; measured; finite-checked,results/verification.json and results/clean-reproduction.json,not performed
C7,Local release perturbation can cause unbounded global amplification,proofs/arguments.md: Section 6,simcert/cases.py unstable,M=100;epsilon=1/100;guard refuses,pilot negative control,Order-change figure,results/pilot.json,proved; finite-checked,results/verification.json and results/clean-reproduction.json,not performed
C8,Independent joins: 2^m selector patterns with 15m+4 forms and error1/4,proofs/arguments.md: Section 7,simcert/cases.py orthant_family,m1--6;126corners;full-box certificates,six structure models,Structure figure,results/structure/;inputs/join-*.json,proved; finite-checked,results/verification.json and results/clean-reproduction.json,not performed
C9,Strict compact affine-DAG comparison is coNP-complete for unbounded dimension,proofs/arguments.md: Section 8,reduction_check.py,512 formulas;6144 Boolean assignments,reduction campaign,Compact-graph theorem,results/reduction.json,proved; finite-checked; not mechanized,results/verification.json and results/clean-reproduction.json,not performed
C10,48-model order coverage is 42 mixture /30 single /11 interval,not a general theorem,campaign.py summarize,all 48 models retained,main campaign,Coverage table and figure,results/summary.json;results/coverage.csv;results/models/,measured; finite-checked,results/verification.json and results/clean-reproduction.json,not performed
C11,All six refused main cases show sampled order changes; accepted cases show no sampled violation,proofs/arguments.md: Section 3 supplies conditional universal claim,simcert/model.py simulate,648 main parameter points;51 changed points in refused set,main campaign,Coverage discussion,results/models/,measured; finite-checked,results/verification.json and results/clean-reproduction.json,not performed
C12,"Frozen pipeline witness refuses target1 even at zero, with bound12/7",proofs/arguments.md: Section 4 conservatism explanation,campaign.py allocate,all64pipelinecatalogentries;truezeroerror,case-043,Allocation table,results/allocation/case-043.json,measured; finite-checked,results/verification.json and results/clean-reproduction.json,not performed
C13,Small comparison oracle is exact in positive 1D/2D boxes,proofs/arguments.md: Section 9,simcert/algebra.py exact_small_oracle,interior maximum control;2089 problems,oracle campaign,Oracle methods,results/oracles/,proved; finite-checked,results/verification.json and results/clean-reproduction.json,not performed
C14,Documented artifact commands reproduce retained scientific fields,not a mathematical proof,reproduce.py;compare_results.py;verify.py,clean extraction and full regeneration,clean reproduction,Artifact guide,results/clean-reproduction.json,executed after clean reproduction; no independent review,results/verification.json and results/clean-reproduction.json,not performed
C15,"No claim of hardware accuracy, production parallel speedup, first general duality, or full venue novelty",proofs/arguments.md: Sections1--9 boundary,README.md,absence of such measurements is explicit,scope exclusions,Abstract and limitations,external_resources.csv;README.md,non-claim,results/verification.json and results/clean-reproduction.json,not performed
C16,Order can change while true makespan remains constant; complete order guards are not complete for all error guarantees,proofs/arguments.md: Section 10,boundary_check.py,Exact three-point benign control and full written argument,separate blocker/A/B model; unchanged main campaign,Order certification is stronger than error certification; conclusion,results/boundary-control.json,proved; finite-checked,results/verification.json and results/clean-reproduction.json,not performed
C17,"Closest parametric work performs full domain partitioning, while this work verifies one nominated FCFS order over one box and attaches an exact two-sided makespan certificate; neither scope dominates",analytical literature comparison; not a mathematical theorem about other implementations,none,full papers for Parametric Scheduler Characterization and Parametric Critical Path Analysis; literature-calibration.csv,no matched runtime or coverage comparison,Context table and closest-work subsection,literature-calibration.csv;external_resources.csv,full-paper compared; bounded positioning; no dominance claim,manuscript citation/key audit and final artifact review,not performed
C18,"Required calibration comprises 12 same-venue, 5 influential, and 5 adjacent full-paper reads",not a mathematical proof,CSV count and field validation,literature-calibration.csv with 22 unique papers and group counts 12/5/5,full-paper methodological calibration,Context and research-plan pattern matrix,literature-calibration.csv;external_resources.csv,completed source review; no independent literature review claimed,"CSV schema, unique-key, group-count, and URL validation",not performed
C19,"The manuscript bibliography has 65 unique entries, all 65 are cited in context, 58 resolve through DOI records, seven through official non-DOI records, and the 12/5/5 calibration matrix covers 22 unique full papers",not a scientific theorem,audit_references.py; LaTeX/BibTeX compile,bibliography-audit.csv; scholarly/references.bib; scholarly/citation-usage.csv; literature-calibration.csv; results/bibliographic-identity-check.json,"external identity recheck for the corrected gem5 and Multi2Sim records, followed by offline metadata/key/usage/calibration audit and a clean manuscript build",Context and references,results/bibliography-audit.json; results/bibliographic-identity-check.json; paper build log,two corrected records externally rechecked; complete bibliographic identity and manuscript usage audited; scientific interpretation remains an author/reviewer responsibility,verify.py test_reference_audit and clean manuscript rebuild,not performed
