name,url,license,access_date,resource_type,acquisition_method,integration_mode,supported_claim,internals_modified
ZSim,https://people.csail.mit.edu/sanchez/papers/2013.zsim.isca.pdf,ACM copyright; author-hosted reading copy,2026-09-15,research paper,"Full paper read; all substantive sections, validation, references, and figure roles inspected",literature only,"Historical anchor: path-preserving versus path-altering interference and empirical validation, not a per-box order-and-error certificate",no
PCantorSim publisher record,https://doi.org/10.1145/2541228.2555305,ACM rights; author-hosted copy not redistributed,2026-09-17,publisher bibliographic record and author-hosted full paper,Publisher issue/DOI record cross-checked against the author-hosted full paper; canonical catalog DOI retained and the legacy printed DOI documented,literature only,Fractal sampling; not universal parameter-box certification,no
Convex Optimization,https://web.stanford.edu/~boyd/cvxbook/,Cambridge copyright; author-hosted source,2026-09-13,scholarly book,Author record checked; PDF access incomplete,standard mathematical source,LP duality; manuscript supplies its own specialization proof,no
Robust Convex Optimization,https://www2.isye.gatech.edu/~nemirovs/MOR_RCO_1998.pdf,INFORMS copyright; author-hosted copy not redistributed,2026-09-13,research paper,Abstract and primary bibliographic details checked,literature only,Universal uncertainty-set perspective,no
Proof-Carrying Code,https://courses.grainger.illinois.edu/cs421/fa2010/papers/necula-pcc.pdf,ACM copyright; reading copy not redistributed,2026-09-13,research paper,Producer-consumer introduction and technical contract checked; not part of the required 12/5/5 calibration set,literature only,Proof-producing separation precedent,no
SciPy,https://arxiv.org/abs/1907.10121,SciPy BSD-3-Clause; scholarly article has separate rights,2026-09-13,software and paper,Installed dependency; primary scholarly metadata verified,unmodified public API,"Numerical LP witness proposal, not exact acceptance",no
NumPy,https://arxiv.org/abs/2006.10256,NumPy BSD-3-Clause; scholarly article has separate rights,2026-09-13,software and paper,Installed dependency; primary scholarly metadata verified,unmodified public API,Numerical arrays used by producer,no
HiGHS dual simplex,https://arxiv.org/abs/1503.01889,HiGHS MIT; scholarly article has separate rights,2026-09-13,software and paper,Bundled backend through SciPy; primary scholarly metadata checked,unmodified solver interface; one thread,Numerical witness search only,no
CPython,https://docs.python.org/3/library/fractions.html,Python Software Foundation license,2026-09-13,software documentation,Installed standard library; no source redistributed,unmodified interpreter and Fraction,Exact rational checks and deterministic generators,no
ACM class and bibliography style,https://www.acm.org/publications/authors/submissions,LaTeX Project Public License and supplied upstream notices,2026-09-15,publisher template,User-supplied matched ZIP inspected structurally; official web page fetch blocked,unmodified class/style copied only into paper/,acmsmall review anonymous layout; nonacm suppresses unpublished metadata,no
acmart 2.20 package record,https://ctan.org/pkg/acmart,LaTeX Project Public License 1.3,2026-09-17,workflow/template provenance source,Current package record checked; version 2.20 dated 2026-08-16 matches the supplied class header,not a manuscript reference; supplied class retained byte-identically,The supplied acmart class is the current 2.20 package release at final internal audit,no
TACO author rules,https://dl.acm.org/journal/taco/author-guidelines,ACM website rights,2026-09-15,workflow source,Indexed first-party guidance rechecked; direct article page remains access-controlled in this environment,not a manuscript reference,Strict 20-page original body excluding references; 25-page revised manuscript including references; exact portal configuration remains an external-use hold,no
ACM authorship policy,https://prod-www.acm.bloomreach.cloud/publications/policies/new-acm-policy-on-authorship,ACM website rights,2026-09-13,workflow source,Current May 14 2026 policy inspected,not a manuscript reference,Truthful substantive AI-research disclosure before external use,no
Exact generated input models,local:inputs/,MIT; generated for this study,2026-09-13,scientific data,Deterministic generators; exact consumed rational JSON retained,original generation,54 main and structural models,no
Exact oracle and reduction inputs,local:results/oracles/;local:results/reduction.json,MIT; generated for this study,2026-09-13,scientific data,Exact forms and clauses retained in each raw result,original generation,2089 continuous comparisons and 512 finite reduction checks,no
Exact harmless order-switch control,local:results/boundary-control.json,MIT; generated for this study,2026-09-13,scientific data,"Exact model, hand witness and dynamic points retained",original generation,A resource-order change can preserve makespan exactly,no
ACM-authored generic journal template,https://www.overleaf.com/latex/templates/association-for-computing-machinery-acm-generic-journal-manuscript-template/yffvrvzbhhpt,ACM template with its upstream notices,2026-09-13,workflow source,Official ACM author attribution and review-format instruction read,not a manuscript reference; no template replacement,Generic manuscript-review instruction differs from retained acmsmall planning contract; venue-specific resolution is a hold,no
SciPy software license,https://scipy.org/,BSD-3-Clause,2026-09-13,software license record,Official project license statement checked,no software redistribution,Unmodified installed numerical dependency; paper has separate rights,no
NumPy software license,https://numpy.org/,BSD-3-Clause; bundled dependencies retain separate rights,2026-09-13,software license record,Official project license statement checked,no software redistribution,Unmodified installed numerical dependency; paper has separate rights,no
HiGHS software license,https://highs.dev/,MIT,2026-09-13,software license record,Official project license and citation guidance checked,no software redistribution,Unmodified installed LP backend; no parallel-performance claim,no
PCantorSim: Accelerating Parallel Architecture Simulation through Fractal-Based Sampling,https://doi.org/10.1145/2541228.2555305,Publisher or article-specific open-access rights; scholarly copy not redistributed,2026-09-17,full research paper,"Full paper read; model/method, evidence, limitations, bibliography scale, and figure/table roles inspected",literature calibration and manuscript citation only; no PDF redistributed,Shows TACO expects empirical representativeness and speed evidence for acceleration claims; this paper instead makes a bounded certificate claim.,no
An Evaluation of High-Level Mechanistic Core Models,https://doi.org/10.1145/2629677,Publisher or article-specific open-access rights; scholarly copy not redistributed,2026-09-15,full research paper,"Full paper read; model/method, evidence, limitations, bibliography scale, and figure/table roles inspected",literature calibration and manuscript citation only; no PDF redistributed,Reinforces that coefficient fidelity is separate from the soundness of consuming a supplied affine model.,no
CERE: LLVM-Based Codelet Extractor and Replayer for Piecewise Benchmarking and Optimization,https://doi.org/10.1145/2744295.2724717,Publisher or article-specific open-access rights; scholarly copy not redistributed,2026-09-15,full research paper,"Full paper read; model/method, evidence, limitations, bibliography scale, and figure/table roles inspected",literature calibration and manuscript citation only; no PDF redistributed,Illustrates a practical abstraction producer; our work only certifies a supplied timing model and does not extract one.,no
SynchroTrace: Synchronization-Aware Architecture-Agnostic Traces for Light-Weight Multicore Simulation,https://doi.org/10.1145/3158642,Publisher or article-specific open-access rights; scholarly copy not redistributed,2026-09-15,full research paper,"Full paper read; model/method, evidence, limitations, bibliography scale, and figure/table roles inspected",literature calibration and manuscript citation only; no PDF redistributed,Shows that workload/trace abstraction validity must be established separately from our timing-certificate checker.,no
CACTI 7: New Tools for Interconnect Exploration in Innovative Off-Chip Memories,https://doi.org/10.1145/3085572,Publisher or article-specific open-access rights; scholarly copy not redistributed,2026-09-15,full research paper,"Full paper read; model/method, evidence, limitations, bibliography scale, and figure/table roles inspected",literature calibration and manuscript citation only; no PDF redistributed,"A possible coefficient producer, but its model error is outside our certificate theorem.",no
Predicting New Workload or CPU Performance by Analyzing Public Datasets,https://doi.org/10.1145/3284127,Publisher or article-specific open-access rights; scholarly copy not redistributed,2026-09-15,full research paper,"Full paper read; model/method, evidence, limitations, bibliography scale, and figure/table roles inspected",literature calibration and manuscript citation only; no PDF redistributed,Contrasts learned/empirical coefficient inference with our conditional use of declared coefficients.,no
gem5-X: A Many-Core Heterogeneous Simulation Platform for Architectural Exploration and Optimization,https://doi.org/10.1145/3461662,Publisher or article-specific open-access rights; scholarly copy not redistributed,2026-09-15,full research paper,"Full paper read; model/method, evidence, limitations, bibliography scale, and figure/table roles inspected",literature calibration and manuscript citation only; no PDF redistributed,A potential host for future coefficient generation; not certified or accelerated by the current work.,no
Temperature-Aware Microarchitecture: Modeling and Implementation,https://doi.org/10.1145/980152.980157,Publisher or article-specific open-access rights; scholarly copy not redistributed,2026-09-15,full research paper,"Full paper read; model/method, evidence, limitations, bibliography scale, and figure/table roles inspected",literature calibration and manuscript citation only; no PDF redistributed,Exemplifies the external physical calibration our affine timing certificate does not provide.,no
As-Is Approximate Computing,https://doi.org/10.1145/3559761,Publisher or article-specific open-access rights; scholarly copy not redistributed,2026-09-15,full research paper,"Full paper read; model/method, evidence, limitations, bibliography scale, and figure/table roles inspected",literature calibration and manuscript citation only; no PDF redistributed,"Supports the need to state what an error budget means; our work supplies timing bounds, not application-quality semantics.",no
Applied Inference: Case Studies in Microarchitectural Design,https://doi.org/10.1145/1839667.1839670,Publisher or article-specific open-access rights; scholarly copy not redistributed,2026-09-15,full research paper,"Full paper read; model/method, evidence, limitations, bibliography scale, and figure/table roles inspected",literature calibration and manuscript citation only; no PDF redistributed,A complementary way to estimate coefficients; our theorem assumes their joint uncertainty model is already declared.,no
"Pac-Sim: Simulation of Multi-threaded Workloads Using Intelligent, Live Sampling",https://doi.org/10.1145/3680548,Publisher or article-specific open-access rights; scholarly copy not redistributed,2026-09-15,full research paper,"Full paper read; model/method, evidence, limitations, bibliography scale, and figure/table roles inspected",literature calibration and manuscript citation only; no PDF redistributed,Its acceleration claim requires workload evidence; our paper makes no acceleration claim and instead certifies a fixed finite model.,no
Accelerating the Simulation of Parallel Workloads Using Loop-Bounded Checkpoints,https://doi.org/10.1145/3799430,Publisher or article-specific open-access rights; scholarly copy not redistributed,2026-09-15,full research paper,"Full paper read; model/method, evidence, limitations, bibliography scale, and figure/table roles inspected",literature calibration and manuscript citation only; no PDF redistributed,"Calibrates current venue expectations; our contribution remains a certificate mechanism, not a competing sampling system.",no
Automatically Characterizing Large Scale Program Behavior,https://doi.org/10.1145/605397.605403,Publisher or article-specific open-access rights; scholarly copy not redistributed,2026-09-15,full research paper,"Full paper read; model/method, evidence, limitations, bibliography scale, and figure/table roles inspected",literature calibration and manuscript citation only; no PDF redistributed,Shows why omitted execution remains outside any certificate over a retained box.,no
SMARTS: Accelerating Microarchitecture Simulation via Rigorous Statistical Sampling,https://doi.org/10.1145/859618.859629,Publisher or article-specific open-access rights; scholarly copy not redistributed,2026-09-15,full research paper,"Full paper read; model/method, evidence, limitations, bibliography scale, and figure/table roles inspected",literature calibration and manuscript citation only; no PDF redistributed,Its probabilistic sampling guarantee is complementary to our deterministic box guarantee.,no
Sniper: Exploring the Level of Abstraction for Scalable and Accurate Parallel Multi-Core Simulation,https://doi.org/10.1145/2063384.2063454,Publisher rights; scholarly reading copy not redistributed,2026-09-15,full research paper,"Full paper read; model/method, evidence, limitations, bibliography scale, and figure/table roles inspected",literature calibration and manuscript citation only; no PDF redistributed,Motivates certifying an abstraction boundary but does not provide our per-box order-and-error theorem.,no
The gem5 Simulator,https://doi.org/10.1145/2024716.2024718,Publisher or article-specific open-access rights; scholarly copy not redistributed,2026-09-15,full research paper,"Full paper read; model/method, evidence, limitations, bibliography scale, and figure/table roles inspected",literature calibration and manuscript citation only; no PDF redistributed,"Potential source of finite models or empirical coefficients, but not consumed or validated here.",no
Graphite: A Distributed Parallel Simulator for Multicores,https://doi.org/10.1109/HPCA.2010.5416635,Publisher rights; scholarly reading copy not redistributed,2026-09-15,full research paper,"Full paper read; model/method, evidence, limitations, bibliography scale, and figure/table roles inspected",literature calibration and manuscript citation only; no PDF redistributed,A direct simulation-system precedent; our work neither distributes execution nor measures speedup.,no
Parametric Scheduler Characterization,https://doi.org/10.1145/3358226,Publisher or article-specific open-access rights; scholarly copy not redistributed,2026-09-15,full research paper,"Full paper read; model/method, evidence, limitations, bibliography scale, and figure/table roles inspected",literature calibration and manuscript citation only; no PDF redistributed,Broader scheduler interface and full partition; our narrower query verifies one FCFS order on one box and attaches a two-sided error certificate. Neither dominates.,no
Parametric Critical Path Analysis for Event Networks with Minimal and Maximal Time Lags,https://doi.org/10.1109/TCAD.2018.2857360,Publisher rights; scholarly reading copy not redistributed,2026-09-15,full research paper,"Full paper read; model/method, evidence, limitations, bibliography scale, and figure/table roles inspected",literature calibration and manuscript citation only; no PDF redistributed,Broader min/max-lag event-network semantics; our work adds FCFS queue/tie self-consistency and exact order-plus-error certificate semantics for a narrower model.,no
Parametric Throughput Analysis of Synchronous Data Flow Graphs,https://doi.org/10.1109/DATE.2008.4484672,Publisher rights; scholarly reading copy not redistributed,2026-09-15,full research paper,"Full paper read; model/method, evidence, limitations, bibliography scale, and figure/table roles inspected",literature calibration and manuscript citation only; no PDF redistributed,Precedent for preserving parameter dependence; lacks our FCFS resource-order premise and global error-budget consumer.,no
A Provably Good and Practically Efficient Algorithm for Common Path Pessimism Removal in Large Designs,https://doi.org/10.1109/TCAD.2021.3124758,Publisher rights; scholarly reading copy not redistributed,2026-09-15,full research paper,"Full paper read; model/method, evidence, limitations, bibliography scale, and figure/table roles inspected",literature calibration and manuscript citation only; no PDF redistributed,"Shared-term cancellation is prior art; our contribution is the FCFS order obligation and exact certificate checker, not cancellation itself.",no
A Definition and Classification of Timing Anomalies,https://doi.org/10.4230/OASIcs.WCET.2006.671,Open-access scholarly paper; no PDF redistributed,2026-09-15,full research paper,"Full paper read; model/method, evidence, limitations, bibliography scale, and figure/table roles inspected",literature calibration and manuscript citation only; no PDF redistributed,Establishes nonmonotonic timing effects as prior knowledge; our unbounded example isolates the separate failure of an unchecked FCFS order premise.,no
The gem5 Simulator: Version 20.0+ official identity records,https://www.gem5.org/publications/,Official project page and arXiv metadata; scholarly text not redistributed,2026-09-26,official project bibliography plus scholarly preprint record,Official gem5 publication entry cross-checked with arXiv:2007.03152 and its BibTeX author list,bibliographic identity correction only,"The work is a 2020 CoRR/arXiv record, not the paper assigned DOI 10.1109/ISPASS48437.2020.00030.",no
Multi2Sim SBAC-PAD 2007 publisher identity record,https://doi.org/10.1109/SBAC-PAD.2007.17,Publisher bibliographic metadata; paper not redistributed,2026-09-26,IEEE Xplore and DOI bibliographic record,Publisher document 4384043 and DOI metadata inspected,bibliographic identity correction only,"The 2007 Multi2Sim paper appeared at SBAC-PAD, pages 62-68, not ISPASS.",no
