group,bib_key,paper,venue_year,motivating_problem,principle_or_mechanism,proof_or_performance_argument,practical_connection_and_breadth,artifact_strength,narrative_sequence,bibliography_scale,figure_table_roles,relation_to_current_work,url
same venue,jiang2013pcantor,PCantorSim: Accelerating Parallel Architecture Simulation through Fractal-Based Sampling,TACO 2013,Reduce the cost of parallel-workload simulation without discarding phase structure.,Fractal-based sampling selects representative parallel execution segments.,Accuracy and speed comparisons against longer simulation across parallel workloads.,Direct architecture-simulation workflow with synchronization-sensitive workloads.,Paper-level method and implementation evidence; no bundled artifact audited here.,"Problem and sampling intuition, algorithm, setup, accuracy/speed results, limits.",medium,Sampling schematic and error/speedup plots carry the argument.,Shows TACO expects empirical representativeness and speed evidence for acceleration claims; this paper instead makes a bounded certificate claim.,https://doi.org/10.1145/2541228.2555305
same venue,carlson2014evaluation,An Evaluation of High-Level Mechanistic Core Models,TACO 2014,Determine when higher-level mechanistic core models retain useful accuracy.,Compare abstraction levels and mechanistic assumptions under controlled configurations.,Broad accuracy/error comparisons against lower-level references and hardware-informed settings.,Connects model structure to practical core-performance prediction.,Evaluation methodology is described; no package independently audited here.,"Model taxonomy, experimental method, accuracy diagnosis, implications.",broad,Scatter/error plots and configuration tables expose where abstractions fail.,Reinforces that coefficient fidelity is separate from the soundness of consuming a supplied affine model.,https://doi.org/10.1145/2629677
same venue,castro2015cere,CERE: LLVM-Based Codelet Extractor and Replayer for Piecewise Benchmarking and Optimization,TACO 2015,Make application regions independently replayable for analysis and optimization.,"Extract codelets, capture state, and replay regions under controlled conditions.",Replay fidelity and optimization case studies across benchmarks.,Provides a practical bridge from whole applications to repeatable region experiments.,Tool pipeline is concrete; no external package audit performed in this project.,"Motivation, extraction/replay design, fidelity validation, optimization cases.",medium,Pipeline diagram and fidelity/performance tables link mechanism to use.,Illustrates a practical abstraction producer; our work only certifies a supplied timing model and does not extract one.,https://doi.org/10.1145/2744295.2724717
same venue,sangaiah2018synchrotrace,SynchroTrace: Synchronization-Aware Architecture-Agnostic Traces for Light-Weight Multicore Simulation,TACO 2018,Retain synchronization behavior while reducing multicore simulation cost and platform dependence.,Generate synchronization-aware traces and replay them in lightweight models.,"Trace-size, fidelity, and simulation-cost studies on CMP/HPC workloads.",Directly targets portable multicore workload representation.,Trace format and workflow are specified; no package independently audited.,"Trace abstraction, generation, replay model, validation, workload studies.",medium,Workflow diagrams and synchronization/fidelity plots are central.,Shows that workload/trace abstraction validity must be established separately from our timing-certificate checker.,https://doi.org/10.1145/3158642
same venue,balasubramonian2017cacti7,CACTI 7: New Tools for Interconnect Exploration in Innovative Off-Chip Memories,TACO 2017,Extend analytic memory modeling to new off-chip organizations and interconnect tradeoffs.,Parameterized analytic component models and design-space exploration.,Cross-checks and technology/design studies over many configurations.,Supplies component-level estimates used in architecture exploration.,Mature tool lineage; this project did not audit a released package.,"Model extensions, validation, design-space cases, engineering guidance.",broad,"Architecture diagrams, validation tables, and tradeoff curves share the burden.","A possible coefficient producer, but its model error is outside our certificate theorem.",https://doi.org/10.1145/3085572
same venue,wang2018public,Predicting New Workload or CPU Performance by Analyzing Public Datasets,TACO 2019,Predict unmeasured workload-processor combinations from sparse public measurements.,Statistical inference over a workload-by-CPU performance matrix.,Held-out prediction across public datasets and alternative sparsity regimes.,Addresses practical transfer to new workloads or processors.,Public data sources are central; no separate code package audited.,"Prediction problem, inference method, dataset construction, held-out evaluation.",medium,Matrix visualizations and prediction-error plots communicate coverage.,Contrasts learned/empirical coefficient inference with our conditional use of declared coefficients.,https://doi.org/10.1145/3284127
same venue,qureshi2021gem5x,gem5-X: A Many-Core Heterogeneous Simulation Platform for Architectural Exploration and Optimization,TACO 2021,Provide a configurable manycore/heterogeneous platform for system exploration.,"Extend gem5 with heterogeneous components, models, and exploration workflows.",Validation and design-space case studies over manycore configurations.,A production-oriented platform that can generate timing observations.,Built on open gem5 lineage; this project did not audit the exact paper artifact.,"Platform architecture, validation, case studies, limitations.",broad,Architecture diagrams and design-space plots establish practical reach.,A potential host for future coefficient generation; not certified or accelerated by the current work.,https://doi.org/10.1145/3461662
same venue,skadron2004hotspot,Temperature-Aware Microarchitecture: Modeling and Implementation,TACO 2004,Model chip temperature efficiently enough for architecture studies and control.,Compact thermal RC model coupled to microarchitectural activity and management.,Model validation plus thermal-management case studies.,Connects an abstraction to physical behavior and architecture decisions.,Historically reusable model/tool lineage; no package audit here.,"Physical motivation, model derivation, validation, management experiments.",broad,Floorplan/thermal maps and validation plots make assumptions visible.,Exemplifies the external physical calibration our affine timing certificate does not provide.,https://doi.org/10.1145/980152.980157
same venue,soni2022asis,As-Is Approximate Computing,TACO 2022,Exploit naturally approximate behavior without redesigning every component for approximation.,Expose and manage existing imprecision through explicit approximation semantics and mechanisms.,"Quality, performance, and efficiency studies across applications/configurations.",Links abstraction choices to application-level quality.,Mechanisms and experiments are described; no package audit performed.,"Problem framing, semantics/mechanism, quality-performance evaluation, boundaries.",medium,Quality-performance plots and mechanism diagrams support tradeoffs.,"Supports the need to state what an error budget means; our work supplies timing bounds, not application-quality semantics.",https://doi.org/10.1145/3559761
same venue,lee2010applied,Applied Inference: Case Studies in Microarchitectural Design,TACO 2010,Reduce expensive design-space measurement through statistical inference.,Use statistical models and experimental design to infer performance/power behavior.,Multiple case studies with prediction and design implications.,Demonstrates how inference can guide practical microarchitecture exploration.,Case-study data and methods are documented; no package audit here.,"Inference principle, cases, validation, design lessons.",broad,Response surfaces and error/design plots connect models to decisions.,A complementary way to estimate coefficients; our theorem assumes their joint uncertainty model is already declared.,https://doi.org/10.1145/1839667.1839670
same venue,liu2024pacsim,"Pac-Sim: Simulation of Multi-threaded Workloads Using Intelligent, Live Sampling",TACO 2024,Accelerate multithreaded simulation while adapting online to workload behavior.,Intelligent live sampling selects detailed intervals during execution.,Accuracy and speed studies across multithreaded workloads/configurations.,Directly addresses scalable practical simulation.,Implementation is evaluated; no independent artifact audit in this project.,"Sampling problem, online policy, system integration, accuracy/speed evaluation.",medium,Timeline/policy diagrams and accuracy-speed plots carry the story.,Its acceleration claim requires workload evidence; our paper makes no acceleration claim and instead certifies a fixed finite model.,https://doi.org/10.1145/3680548
same venue,sabu2026looppoint,Accelerating the Simulation of Parallel Workloads Using Loop-Bounded Checkpoints,TACO 2026,Reuse bounded loop regions and checkpoints to reduce parallel simulation cost.,Create and schedule loop-bounded checkpoints for representative replay.,Application/configuration studies compare fidelity and simulation reduction.,Provides a current TACO example of a complete acceleration narrative.,Checkpoint workflow is concrete; no independent package audit performed.,"Motivation, checkpoint construction, scheduling, evaluation, scope limits.",medium,Loop/checkpoint diagrams and error/speed plots are high-value figures.,"Calibrates current venue expectations; our contribution remains a certificate mechanism, not a competing sampling system.",https://doi.org/10.1145/3799430
influential,sherwood2002simpoint,Automatically Characterizing Large Scale Program Behavior,ASPLOS 2002,Select representative execution intervals from very long programs.,Cluster basic-block vectors into phases and choose simulation points.,Coverage and prediction error across benchmark executions.,Established representative-region methodology used by later simulators.,Method is fully specified; no artifact audit performed here.,"Behavior characterization, clustering method, validation, implications.",medium,Phase plots and error tables make representativeness visible.,Shows why omitted execution remains outside any certificate over a retained box.,https://doi.org/10.1145/605397.605403
influential,wunderlich2003smarts,SMARTS: Accelerating Microarchitecture Simulation via Rigorous Statistical Sampling,ISCA 2003,Obtain accurate performance estimates from sparse detailed simulation.,Statistically designed periodic sampling with warmup and confidence control.,Error/confidence and speed studies across workloads.,Made statistical rigor central to sampled simulation.,Methodology is reproducible from the paper; no package audit here.,"Statistical target, sampling design, warmup, validation, cost.",medium,Confidence/error plots and sampling diagrams support guarantees.,Its probabilistic sampling guarantee is complementary to our deterministic box guarantee.,https://doi.org/10.1145/859618.859629
influential,carlson2011sniper,Sniper: Exploring the Level of Abstraction for Scalable and Accurate Parallel Multi-Core Simulation,SC 2011,Scale multicore simulation while retaining useful accuracy.,Interval simulation and parallel host execution at a higher abstraction level.,Hardware/detailed-model accuracy plus multicore scalability studies.,A widely used practical simulator and abstraction tradeoff example.,Implementation lineage is public; exact paper artifact not audited here.,"Abstraction choice, simulator design, validation, scalability.",medium,"Architecture diagram, accuracy plots, and scalability curves divide claims.",Motivates certifying an abstraction boundary but does not provide our per-box order-and-error theorem.,https://doi.org/10.1145/2063384.2063454
influential,binkert2011gem5,The gem5 Simulator,SIGARCH Computer Architecture News 2011,Unify modular system and processor simulation in an extensible platform.,Event-driven component architecture with multiple CPU/memory/system modes.,Feature demonstrations and validation/use cases rather than one theorem.,Open platform used broadly for architecture research.,Strong public software artifact lineage.,"Design goals, architecture, modes, examples, community use.",medium,Component/mode diagrams explain extensibility; tables summarize support.,"Potential source of finite models or empirical coefficients, but not consumed or validated here.",https://doi.org/10.1145/2024716.2024718
influential,miller2010graphite,Graphite: A Distributed Parallel Simulator for Multicores,HPCA 2010,Simulate large multicore systems faster through distributed host execution.,Tile-based abstraction with distributed parallel simulation.,Accuracy and scalability across multicore workloads and host resources.,Demonstrates practical parallel simulation at scale.,Implementation was research software; no artifact audit in this project.,"Simulator architecture, distributed mechanism, validation, scaling.",medium,System diagram and scalability/error plots support separate claims.,A direct simulation-system precedent; our work neither distributes execution nor measures speedup.,https://doi.org/10.1109/HPCA.2010.5416635
adjacent,vanpinxten2019scheduler,Parametric Scheduler Characterization,TECS 2019,Characterize all scheduling behaviors induced by uncertain affine parameters.,Symbolically execute deterministic affine-comparison schedulers and partition parameter space by decision sequence.,Custom implementation and KLEE comparison on scheduler case studies.,Supports design exploration over complete parameter regions.,Algorithm and experiments are explicit; no bundled artifact audited here.,"Problem, symbolic characterization, implementation, cases, performance.",broad,Region plots and decision-tree/algorithm figures show partition structure.,Broader scheduler interface and full partition; our narrower query verifies one FCFS order on one box and attaches a two-sided error certificate. Neither dominates.,https://doi.org/10.1145/3358226
adjacent,vanpinxten2018critical,Parametric Critical Path Analysis for Event Networks with Minimal and Maximal Time Lags,TCAD 2018,Expose how feasibility and critical paths change with event-network parameters.,Partition rational parameter domains into feasible regions with critical-path expressions.,Algorithmic analysis and tradeoff/Pareto case studies.,Connects parametric timing to design-space exploration.,Method and cases are documented; no package audit here.,"Event-network model, region algorithm, tradeoff analysis, examples.",medium,Region/critical-path plots are the central explanatory device.,Broader min/max-lag event-network semantics; our work adds FCFS queue/tie self-consistency and exact order-plus-error certificate semantics for a narrower model.,https://doi.org/10.1109/TCAD.2018.2857360
adjacent,ghamarian2008parametric,Parametric Throughput Analysis of Synchronous Data Flow Graphs,DATE 2008,Compute throughput dependence without fixing design parameters prematurely.,Parametric max-plus/dataflow analysis derives throughput regions or expressions.,Synthetic/application dataflow examples and design-space results.,Applies parametric timing to streaming-system design.,Paper-level algorithm; no artifact audit here.,"Model, parametric analysis, examples, tradeoff interpretation.",compact,Graphs and parameter-region plots communicate piecewise behavior.,Precedent for preserving parameter dependence; lacks our FCFS resource-order premise and global error-budget consumer.,https://doi.org/10.1109/DATE.2008.4484672
adjacent,guo2022cppr,A Provably Good and Practically Efficient Algorithm for Common Path Pessimism Removal in Large Designs,TCAD 2022,Remove pessimism caused by shared path segments in large timing graphs.,Exploit common-path structure with an approximation guarantee and scalable implementation.,Proof plus large-design runtime/quality evaluation.,Direct EDA timing-analysis deployment context.,Algorithm and datasets are described; no package audit here.,"Pessimism problem, guarantee, algorithm, large-scale evaluation.",broad,"Path diagrams, approximation results, and runtime tables separate theory/practice.","Shared-term cancellation is prior art; our contribution is the FCFS order obligation and exact certificate checker, not cancellation itself.",https://doi.org/10.1109/TCAD.2021.3124758
adjacent,reineke2006anomalies,A Definition and Classification of Timing Anomalies,WCET 2006,Explain when local timing improvements or slowdowns reverse global execution-time effects.,Formal definitions and taxonomy supported by architectural counterexamples.,Constructed examples and classification rather than a performance campaign.,Guides sound worst-case timing analysis.,Open scholarly paper; no software artifact required.,"Definition, anomaly classes, examples, analysis implications.",compact,Timeline/pipeline examples carry the conceptual argument.,Establishes nonmonotonic timing effects as prior knowledge; our unbounded example isolates the separate failure of an unchecked FCFS order premise.,https://doi.org/10.4230/OASIcs.WCET.2006.671
